{"model":"LightGBM gradient-boosting","trained_on":"Wadi Saqra \u00b7 Google Maps Routes API \u00b7 typical Sunday","features":["local_hour","hour_sin","hour_cos","cor_N","cor_S","cor_E","cor_W","lag_1","lag_2","lag_4","rolling_3","bearing_deg","distance_m"],"cv_mae":{"15m":0.05247,"30m":0.06027,"1h":0.06195},"data":{"0.0":{"E":{"congestion_ratio":0.9091,"speed_kmh":22.59,"pred_15m":0.8864,"pred_30m":0.8409,"pred_1h":0.8409},"N":{"congestion_ratio":0.9294,"speed_kmh":20.58,"pred_15m":0.8541,"pred_30m":0.8209,"pred_1h":0.8424},"W":{"congestion_ratio":0.9617,"speed_kmh":23.46,"pred_15m":0.9646,"pred_30m":0.9541,"pred_1h":0.9099}},"0.5":{"E":{"congestion_ratio":0.8864,"speed_kmh":23.17,"pred_15m":0.8407,"pred_30m":0.8181,"pred_1h":0.8402},"N":{"congestion_ratio":0.8543,"speed_kmh":22.39,"pred_15m":0.8243,"pred_30m":0.8088,"pred_1h":0.791},"S":{"congestion_ratio":0.9406,"speed_kmh":24.61,"pred_15m":0.8987,"pred_30m":0.9196,"pred_1h":0.9198},"W":{"congestion_ratio":0.9643,"speed_kmh":23.4,"pred_15m":0.954,"pred_30m":0.9697,"pred_1h":0.9808}},"1.0":{"E":{"congestion_ratio":0.8409,"speed_kmh":24.42,"pred_15m":0.8188,"pred_30m":0.8408,"pred_1h":0.8409},"N":{"congestion_ratio":0.8212,"speed_kmh":23.29,"pred_15m":0.8039,"pred_30m":0.8451,"pred_1h":0.749},"S":{"congestion_ratio":0.8846,"speed_kmh":26.17,"pred_15m":0.9192,"pred_30m":0.8916,"pred_1h":0.9091},"W":{"congestion_ratio":0.9541,"speed_kmh":23.65,"pred_15m":0.9795,"pred_30m":0.9402,"pred_1h":0.977}},"1.5":{"E":{"congestion_ratio":0.8182,"speed_kmh":25.1,"pred_15m":0.841,"pred_30m":0.8406,"pred_1h":0.7955},"N":{"congestion_ratio":0.8035,"speed_kmh":23.81,"pred_15m":0.8524,"pred_30m":0.7572,"pred_1h":0.7503},"S":{"congestion_ratio":0.9196,"speed_kmh":25.17,"pred_15m":0.8916,"pred_30m":0.9195,"pred_1h":0.8461},"W":{"congestion_ratio":0.9796,"speed_kmh":23.03,"pred_15m":0.9189,"pred_30m":0.9898,"pred_1h":0.8653}},"2.0":{"E":{"congestion_ratio":0.8409,"speed_kmh":24.42,"pred_15m":0.8411,"pred_30m":0.8389,"pred_1h":0.7664},"N":{"congestion_ratio":0.8742,"speed_kmh":21.88,"pred_15m":0.7506,"pred_30m":0.7433,"pred_1h":0.7687},"S":{"congestion_ratio":0.8916,"speed_kmh":25.96,"pred_15m":0.9196,"pred_30m":0.9091,"pred_1h":0.8427},"W":{"congestion_ratio":0.9031,"speed_kmh":24.99,"pred_15m":0.9876,"pred_30m":0.9769,"pred_1h":0.8648}},"2.5":{"E":{"congestion_ratio":0.8409,"speed_kmh":24.42,"pred_15m":0.8356,"pred_30m":0.7955,"pred_1h":0.7955},"N":{"congestion_ratio":0.7506,"speed_kmh":25.49,"pred_15m":0.7559,"pred_30m":0.7506,"pred_1h":0.7594},"S":{"congestion_ratio":0.9196,"speed_kmh":25.17,"pred_15m":0.9091,"pred_30m":0.8462,"pred_1h":0.8689},"W":{"congestion_ratio":0.9898,"speed_kmh":22.8,"pred_15m":0.9767,"pred_30m":0.8646,"pred_1h":0.8571}},"3.0":{"E":{"congestion_ratio":0.8409,"speed_kmh":24.42,"pred_15m":0.7949,"pred_30m":0.7777,"pred_1h":0.8409},"N":{"congestion_ratio":0.7439,"speed_kmh":25.71,"pred_15m":0.7506,"pred_30m":0.7703,"pred_1h":0.7613},"S":{"congestion_ratio":0.9091,"speed_kmh":25.46,"pred_15m":0.8462,"pred_30m":0.8434,"pred_1h":0.8252},"W":{"congestion_ratio":0.977,"speed_kmh":23.09,"pred_15m":0.8648,"pred_30m":0.8645,"pred_1h":0.8543}},"3.5":{"E":{"congestion_ratio":0.7955,"speed_kmh":25.82,"pred_15m":0.773,"pred_30m":0.7952,"pred_1h":0.8409},"N":{"congestion_ratio":0.7506,"speed_kmh":25.49,"pred_15m":0.7702,"pred_30m":0.7595,"pred_1h":0.7638},"W":{"congestion_ratio":0.8648,"speed_kmh":26.09,"pred_15m":0.8645,"pred_30m":0.8589,"pred_1h":0.8444}},"4.0":{"E":{"congestion_ratio":0.75,"speed_kmh":27.38,"pred_15m":0.7953,"pred_30m":0.8409,"pred_1h":0.7955},"N":{"congestion_ratio":0.7704,"speed_kmh":24.83,"pred_15m":0.7593,"pred_30m":0.7615,"pred_1h":0.7643},"S":{"congestion_ratio":0.8462,"speed_kmh":27.36,"pred_15m":0.8473,"pred_30m":0.8706,"pred_1h":0.8037},"W":{"congestion_ratio":0.8648,"speed_kmh":26.09,"pred_15m":0.8571,"pred_30m":0.8546,"pred_1h":0.7959}},"4.5":{"E":{"congestion_ratio":0.7955,"speed_kmh":25.82,"pred_15m":0.8404,"pred_30m":0.84,"pred_1h":0.7955},"N":{"congestion_ratio":0.7594,"speed_kmh":25.19,"pred_15m":0.7644,"pred_30m":0.7638,"pred_1h":0.783},"S":{"congestion_ratio":0.8427,"speed_kmh":27.47,"pred_15m":0.8706,"pred_30m":0.8253,"pred_1h":0.7692},"W":{"congestion_ratio":0.8571,"speed_kmh":26.32,"pred_15m":0.8546,"pred_30m":0.8444,"pred_1h":0.7548}},"5.0":{"E":{"congestion_ratio":0.8409,"speed_kmh":24.42,"pred_15m":0.8409,"pred_30m":0.7959,"pred_1h":0.8409},"N":{"congestion_ratio":0.7616,"speed_kmh":25.12,"pred_15m":0.7638,"pred_30m":0.7648,"pred_1h":0.7774},"S":{"congestion_ratio":0.8706,"speed_kmh":26.59,"pred_15m":0.8251,"pred_30m":0.7902,"pred_1h":0.7416},"W":{"congestion_ratio":0.8546,"speed_kmh":26.4,"pred_15m":0.8445,"pred_30m":0.7959,"pred_1h":0.7331}},"5.5":{"E":{"congestion_ratio":0.8409,"speed_kmh":24.42,"pred_15m":0.7958,"pred_30m":0.7957,"pred_1h":0.8636},"N":{"congestion_ratio":0.7638,"speed_kmh":25.04,"pred_15m":0.7638,"pred_30m":0.7792,"pred_1h":0.819},"S":{"congestion_ratio":0.8252,"speed_kmh":28.05,"pred_15m":0.7902,"pred_30m":0.7692,"pred_1h":0.741},"W":{"congestion_ratio":0.8444,"speed_kmh":26.72,"pred_15m":0.7875,"pred_30m":0.7529,"pred_1h":0.7476}},"6.0":{"E":{"congestion_ratio":0.7955,"speed_kmh":25.82,"pred_15m":0.7954,"pred_30m":0.8386,"pred_1h":0.9094},"N":{"congestion_ratio":0.7638,"speed_kmh":25.04,"pred_15m":0.7815,"pred_30m":0.777,"pred_1h":0.8411},"S":{"congestion_ratio":0.7902,"speed_kmh":29.29,"pred_15m":0.7692,"pred_30m":0.7412,"pred_1h":0.7797},"W":{"congestion_ratio":0.7959,"speed_kmh":28.35,"pred_15m":0.7557,"pred_30m":0.7383,"pred_1h":0.8043}},"6.5":{"E":{"congestion_ratio":0.7955,"speed_kmh":25.82,"pred_15m":0.8276,"pred_30m":0.8636,"pred_1h":0.9316},"N":{"congestion_ratio":0.7837,"speed_kmh":24.41,"pred_15m":0.7773,"pred_30m":0.8194,"pred_1h":0.8503},"S":{"congestion_ratio":0.7692,"speed_kmh":30.09,"pred_15m":0.7413,"pred_30m":0.7413,"pred_1h":0.8042},"W":{"congestion_ratio":0.7551,"speed_kmh":29.88,"pred_15m":0.7256,"pred_30m":0.7473,"pred_1h":0.7838}},"7.0":{"E":{"congestion_ratio":0.8409,"speed_kmh":24.42,"pred_15m":0.8636,"pred_30m":0.9091,"pred_1h":0.9318},"N":{"congestion_ratio":0.777,"speed_kmh":24.62,"pred_15m":0.819,"pred_30m":0.8412,"pred_1h":0.83},"S":{"congestion_ratio":0.7413,"speed_kmh":31.23,"pred_15m":0.7469,"pred_30m":0.7829,"pred_1h":0.8322},"W":{"congestion_ratio":0.7219,"speed_kmh":31.26,"pred_15m":0.7465,"pred_30m":0.8106,"pred_1h":0.8163}},"7.5":{"E":{"congestion_ratio":0.8636,"speed_kmh":23.78,"pred_15m":0.9091,"pred_30m":0.9318,"pred_1h":0.95},"N":{"congestion_ratio":0.819,"speed_kmh":23.36,"pred_15m":0.841,"pred_30m":0.8636,"pred_1h":0.819},"S":{"congestion_ratio":0.7413,"speed_kmh":31.23,"pred_15m":0.7805,"pred_30m":0.8043,"pred_1h":0.8256},"W":{"congestion_ratio":0.7474,"speed_kmh":30.19,"pred_15m":0.8044,"pred_30m":0.7853,"pred_1h":0.8316}},"8.0":{"E":{"congestion_ratio":0.9091,"speed_kmh":22.59,"pred_15m":0.9313,"pred_30m":0.9318,"pred_1h":0.9546},"N":{"congestion_ratio":0.8411,"speed_kmh":22.74,"pred_15m":0.867,"pred_30m":0.83,"pred_1h":0.8246},"S":{"congestion_ratio":0.7797,"speed_kmh":29.69,"pred_15m":0.8038,"pred_30m":0.8274,"pred_1h":0.8737},"W":{"congestion_ratio":0.8163,"speed_kmh":27.64,"pred_15m":0.7905,"pred_30m":0.8163,"pred_1h":0.8495}},"8.5":{"E":{"congestion_ratio":0.9318,"speed_kmh":22.04,"pred_15m":0.9318,"pred_30m":0.9491,"pred_1h":0.9773},"N":{"congestion_ratio":0.8675,"speed_kmh":22.05,"pred_15m":0.83,"pred_30m":0.8189,"pred_1h":0.8609},"S":{"congestion_ratio":0.8042,"speed_kmh":28.78,"pred_15m":0.8321,"pred_30m":0.8252,"pred_1h":0.8885},"W":{"congestion_ratio":0.7806,"speed_kmh":28.91,"pred_15m":0.8162,"pred_30m":0.8316,"pred_1h":0.8673}},"9.0":{"E":{"congestion_ratio":0.9318,"speed_kmh":22.04,"pred_15m":0.9597,"pred_30m":0.9542,"pred_1h":1.0455},"N":{"congestion_ratio":0.83,"speed_kmh":23.05,"pred_15m":0.8209,"pred_30m":0.8297,"pred_1h":0.9161},"S":{"congestion_ratio":0.8322,"speed_kmh":27.82,"pred_15m":0.8252,"pred_30m":0.874,"pred_1h":0.9054},"W":{"congestion_ratio":0.8163,